{"initial_reset_timestamp": 1584072838.2710872, "timestamps": [1584072839.886385], "episode_lengths": [374], "episode_rewards": [87.0], "episode_types": ["t"]}