{"initial_reset_timestamp": 1584072654.563315, "timestamps": [1584072660.248801], "episode_lengths": [1308], "episode_rewards": [38.0], "episode_types": ["t"]}