{"initial_reset_timestamp": 1583901091.2562618, "timestamps": [1583901093.019752], "episode_lengths": [217], "episode_rewards": [100.0], "episode_types": ["t"]}