{"initial_reset_timestamp": 1584072709.9796531, "timestamps": [1584072710.884524], "episode_lengths": [253], "episode_rewards": [96.0], "episode_types": ["t"]}